page,title,make,model,trim,year,kms_raw,price_raw,steering_side,regional_specs,location,url
1,Ford Transit Van,Ford,Transit,Van,2022,"138,604 km","49,900",N/A,N/A,"Ras Al Khor, Dubai",https://uae.dubizzle.com/motors/used-cars/ford/transit/2025/12/12/2022-gcc-cargo-van-high-roof-diesel-manual-2-676---9c70ae11ca9e467b8208f899d7dd418f/
1,Chevrolet Camaro SS,Chevrolet,Camaro,SS,2017,"52,000 km","79,000",N/A,N/A,"Al Reem Island, Abu Dhabi",https://uae.dubizzle.com/motors/used-cars/chevrolet/camaro/2025/12/9/camaro-ss-v8-62l-top-options-no-accidents--3-933---d7f307d39ea34b778544bb6dc1104a26/
1,Porsche Carrera / 911 Carrera S,Porsche,Carrera / 911,Carrera S,2024,"1,900 km","639,000",N/A,N/A,"Downtown Dubai, Dubai",https://uae.dubizzle.com/motors/used-cars/porsche/carrera/2025/12/18/porsche-911-carrera-s-aerokit-2024-special-2-214---9529ab99b6c64728ab87311c587e969d/
1,Nissan Altima SV,Nissan,Altima,SV,2017,"250,000 km","17,900",N/A,N/A,"Industrial Area, Sharjah",https://uae.dubizzle.com/motors/used-cars/nissan/altima/2025/10/28/2017-nissan-altima-sv-100-clean-title-acci-12-461---a29fb3f01dbb4a0e9b0274be91b23293/
1,Nissan Altima S,Nissan,Altima,S,2013,"198,000 km","12,500",N/A,N/A,"Industrial Area, Sharjah",https://uae.dubizzle.com/motors/used-cars/nissan/altima/2025/7/27/2013-s-100-12-429---71771e30801b4414850801021c271c72/
1,Land Rover Range Rover HSE,Land Rover,Range Rover,HSE,2025,0 km,"590,000",N/A,N/A,"Ras Al Khor, Dubai",https://uae.dubizzle.com/motors/used-cars/land-rover/range-rover/2025/12/18/range-rover-vogue-v6-p400-2025-fully-loade-2-862---0b8a10b81d194554a839e317cea49dde/
1,Chevrolet Trailblazer LT,Chevrolet,Trailblazer,LT,2004,"100,095 km","14,500",N/A,N/A,"Al Nahyan, Abu Dhabi",https://uae.dubizzle.com/motors/used-cars/chevrolet/trailblazer/2025/12/9/04-chevrolet-trailblazer-ext-lt-3-545---f37b662598514e10b720718d6e21e79b/
1,Ford Mustang Ecoboost,Ford,Mustang,Ecoboost,2024,"24,956 km","95,000",N/A,N/A,"Industrial Area, Sharjah",https://uae.dubizzle.com/motors/used-cars/ford/mustang/2025/12/3/2024-ford-mustang-ecoboost-fastback-powerf-12-294---4db426331362454ebc54e92045d75d83/
1,Mercedes-Benz C-Class C200 Coupe,Mercedes-Benz,C-Class,C200 Coupe,2019,"110,000 km","109,950",N/A,N/A,"Al Quoz, Dubai",https://uae.dubizzle.com/motors/used-cars/mercedes-benz/c-class/2025/12/4/0-downpayment-aed-1509-pm-warranty-and-ser-2-739---b0de27d6cb7f480c976bf375d84f7028/
1,Mercedes-Benz GLE Coupe GLE 53 AMG 4Matic Plus,Mercedes-Benz,GLE Coupe,GLE 53 AMG 4Matic Plus,2021,"86,350 km","269,950",N/A,N/A,"Al Quoz, Dubai",https://uae.dubizzle.com/motors/used-cars/mercedes-benz/gle-coupe/2025/11/6/0-downpayment-aed-4024-pm-gargash-warranty-2-544---3acbe110e8594ea6b1fcca208a12045e/
1,Mercedes-Benz CLA CLA250 4MATIC,Mercedes-Benz,CLA,CLA250 4MATIC,2025,"3,988 km","199,950",N/A,N/A,"Al Quoz, Dubai",https://uae.dubizzle.com/motors/used-cars/mercedes-benz/cla/2025/11/17/0-downpayment-aed-2659-pm-emc-warranty-2-438---2aa255665461447ca3cdfee9c5403d8d/
1,Mercedes-Benz CLE-Class CLE200,Mercedes-Benz,CLE-Class,CLE200,2026,14 km,"299,950",N/A,N/A,"Al Quoz, Dubai",https://uae.dubizzle.com/motors/used-cars/mercedes-benz/cle-class/2025/12/8/emc-mercedes-benz-warranty-until-2030-aed--2-822---8cd84b8777024fcabbbb2a50c92ee2d6/
1,Mercedes-Benz GLS-Class GLS 450,Mercedes-Benz,GLS-Class,GLS 450,2020,"87,855 km","219,950",N/A,N/A,"Al Quoz, Dubai",https://uae.dubizzle.com/motors/used-cars/mercedes-benz/gls-class/2025/12/8/0-downpayment-aed-3306-pm-7-seat-warranty--2-444---5c23109514b34dfd850905f7856f12a7/
1,Mercedes-Benz C-Class C63 S AMG,Mercedes-Benz,C-Class,C63 S AMG,2017,"96,990 km","189,950",N/A,N/A,"Al Quoz, Dubai",https://uae.dubizzle.com/motors/used-cars/mercedes-benz/c-class/2025/12/11/0-downpayment-aed-3364-pm-warranty-and-ser-2-281---9c454fc89d6f41f5a61c7517537081cb/
1,Mercedes-Benz GLE Coupe GLE 43 AMG,Mercedes-Benz,GLE Coupe,GLE 43 AMG,2017,"112,316 km","134,950",N/A,N/A,"Al Quoz, Dubai",https://uae.dubizzle.com/motors/used-cars/mercedes-benz/gle-coupe/2025/12/11/gle43-amg-coupe-0-downpayment-aed-1940-pm--2-433---b7d0ade57676418a812d3852b17d9496/
1,Mercedes-Benz CLE-Class CLE200,Mercedes-Benz,CLE-Class,CLE200,2026,0 km,"259,999",N/A,N/A,"Ras Al Khor, Dubai",https://uae.dubizzle.com/motors/used-cars/mercedes-benz/cle-class/2025/12/18/2026-mercedes-benz-cle-200-amg-coupe-eq-bo-2-728---75d41dff01444748aec262567c3e2cf3/
1,Hyundai Accent GL,Hyundai,Accent,GL,2017,"169,328 km","18,500",N/A,N/A,"Al Rashidiya, Dubai",https://uae.dubizzle.com/motors/used-cars/hyundai/accent/2025/12/2/hyundai-accent-2017-2-064---b2d8bc859d0b488181f33953e007e27a/
1,BMW X2 sDrive 20i,BMW,X2,sDrive 20i,2020,"110,000 km","59,000",N/A,N/A,"Ras Al Khor, Dubai",https://uae.dubizzle.com/motors/used-cars/bmw/x2/2025/12/18/bmw-x2-2020-gcc-2-783---969fa9b4a3ae46c0879bb8d667e14c3b/
1,Suzuki Ciaz GLX,Suzuki,Ciaz,GLX,2023,"51,000 km","32,000",N/A,N/A,"Jumeirah Village Circle (JVC), Dubai",https://uae.dubizzle.com/motors/used-cars/suzuki/ciaz/2025/12/18/suzuki-ciaz-15-glx-2023-gcc-well-maintaine-2-296---cda8dd0797a143c28dfaab4833a07bdc/
1,BMW 3-Series 330i,BMW,3-Series,330i,2021,"86,016 km","120,000",N/A,N/A,"Ras Al Khor, Dubai",https://uae.dubizzle.com/motors/used-cars/bmw/3-series/2025/11/10/2021-bmw-330i-m-sport-alcantara-low-milage-2-939---13826ae20e6d43c991480ea520dd84da/
1,Zeekr Other Other,Zeekr,Other,Other,2025,15 km,"385,000",N/A,N/A,"Sheikh Zayed Road, Dubai",https://uae.dubizzle.com/motors/used-cars/zeekr/other/2025/11/7/brand-new-zeekr-9x-available-2-295---00e99954f93240e896ef45474a748826/
1,Mercedes-Benz GLE Coupe GLE 53 AMG 4Matic Plus,Mercedes-Benz,GLE Coupe,GLE 53 AMG 4Matic Plus,2021,"55,000 km","289,990",N/A,N/A,"Green Community, Dubai",https://uae.dubizzle.com/motors/used-cars/mercedes-benz/gle-coupe/2025/10/11/4778-aed-pm-gle-53-amg-30l-turbo-mild-hybr-2-421---f3eea283716d4566b8d32acfa01136aa/
1,Mercedes-Benz GLE-Class GLE 450 4Matic,Mercedes-Benz,GLE-Class,GLE 450 4Matic,2021,"68,900 km","219,990",N/A,N/A,"Green Community, Dubai",https://uae.dubizzle.com/motors/used-cars/mercedes-benz/gle-class/2025/12/8/0-down-payment-2021-mercedes-gle-450-4mati-2-947---2cf0c0ebee474f66921a070adf9841cc/
1,Jetour T1 Luxury 4WD,Jetour,T1,Luxury 4WD,2026,"6,666 km","129,990",N/A,N/A,"Green Community, Dubai",https://uae.dubizzle.com/motors/used-cars/jetour/t1/2025/11/19/emi-aed-2037-pm-t1-luxury-4wd-20l-turbo-25-2-947---3198e091c0164da2a7561c1722b5f8db/
1,Nissan X-Trail SL,Nissan,X-Trail,SL,2024,"16,243 km","124,990",N/A,N/A,"Green Community, Dubai",https://uae.dubizzle.com/motors/used-cars/nissan/x-trail/2025/11/1/3192-aed-pm-x-trail-sl-full-option-agency--2-932---548197f8de2b433aa73c54f37fdef4db/
1,Volkswagen Golf GTI P2,Volkswagen,Golf,GTI P2,2023,"47,335 km","129,990",N/A,N/A,"Green Community, Dubai",https://uae.dubizzle.com/motors/used-cars/volkswagen/golf/2025/12/9/0-down-payment-gti-p2-full-option-emi-aed--2-455---e37fc1896dc8436397d08f465befe705/
2,DongFeng AX7 E2,DongFeng,AX7,E2,2025,0 km,"76,000",N/A,N/A,"Deira, Dubai",https://uae.dubizzle.com/motors/used-cars/dongfeng/ax7/2025/12/9/brand-new-dongfeng-ax7-emi-aed-1190-warran-2-041---0ec736c9f6b54cce8a47b851e817c65a/
2,Ford Territory Dark Edition,Ford,Territory,Dark Edition,2025,"10,400 km","129,990",N/A,N/A,"Green Community, Dubai",https://uae.dubizzle.com/motors/used-cars/ford/territory/2025/12/10/0-down-payment-2025-ford-territory-titaniu-2-004---991d40ef9b09409c868edbb9107c466a/
2,GAC EMPOW GL,GAC,EMPOW,GL,2024,"7,000 km","74,990",N/A,N/A,"Green Community, Dubai",https://uae.dubizzle.com/motors/used-cars/gac/empow/2025/11/15/1175-aed-pm-gac-empow-s-gl-15t-174-hp-gcc--2-170---74af4ecfb4a94f2ab3874dfe5fd376d4/
2,GMC Yukon Denali,GMC,Yukon,Denali,2024,"30,000 km","289,990",N/A,N/A,"Green Community, Dubai",https://uae.dubizzle.com/motors/used-cars/gmc/yukon/2025/11/14/4543-aed-pm-yukon-denali-62l-v8-captain-se-2-981---4cca5de19fa043ee8ded1ab6ad9bc85c/
2,BMW X4 X4M,BMW,X4,X4M,2025,0 km,"259,999",N/A,N/A,"Ras Al Khor, Dubai",https://uae.dubizzle.com/motors/used-cars/bmw/x4/2025/12/18/2025-bmw-x4-xdrive-30i-m-20t-gcc-0km-with--2-338---95ecb9496ad04b04a2619347fc76cd69/
2,Mercedes-Benz GLC Coupe GLC 200,Mercedes-Benz,GLC Coupe,GLC 200,2026,0 km,"299,000",N/A,N/A,"Al Quoz, Dubai",https://uae.dubizzle.com/motors/used-cars/mercedes-benz/glc-coupe/2025/12/18/new-arrival-mercedes-benz-glc-200-coupe-20-2-865---5d54416319d943b2a46db79ceb5bce8a/
2,Toyota FJ Cruiser GXR,Toyota,FJ Cruiser,GXR,2021,"42,500 km","134,990",N/A,N/A,"Green Community, Dubai",https://uae.dubizzle.com/motors/used-cars/toyota/fj-cruiser/2025/12/18/0-down-payment-2021-toyota-fj-cruiser-gxr--2-379---ed72eb2a35de454db87e5ba3c3af46f2/
2,Infiniti QX60 Luxe,Infiniti,QX60,Luxe,2023,"15,000 km","159,990",N/A,N/A,"Green Community, Dubai",https://uae.dubizzle.com/motors/used-cars/infiniti/qx60/2025/12/18/0-down-payment-2023-infiniti-qx60-luxe-emi-2-429---55b6ed00b4124bd49ddd7b3b64adcd81/
2,Porsche Carrera / 911 Carrera,Porsche,Carrera / 911,Carrera,2025,"6,675 km","649,990",N/A,N/A,"Green Community, Dubai",https://uae.dubizzle.com/motors/used-cars/porsche/carrera/2025/12/9/0-down-payment-2025-porsche-911-carrera-em-2-648---39e2c1ae6b73488382479ce39ddaa715/
2,Mercedes-Benz E-Class E 300,Mercedes-Benz,E-Class,E 300,2026,0 km,"329,000",N/A,N/A,"Al Quoz, Dubai",https://uae.dubizzle.com/motors/used-cars/mercedes-benz/e-class/2025/11/11/mercedes-benz-e-300-2026-gcc-0km-agency-wa-2-517---7fea61897c024358840a8a327812f82f/
2,Xiaomi YU7 Max,Xiaomi,YU7,Max,2025,0 km,"260,000",N/A,N/A,"Ras Al Khor, Dubai",https://uae.dubizzle.com/motors/used-cars/xiaomi/yu7/2025/12/3/xiaomi-yu7-max-evs-warranty-2-746---7f235e5b5396412a86c307f6d9a12284/
2,Toyota Supra Other,Toyota,Supra,Other,1987,"150,000 km","52,000",N/A,N/A,Dubai,https://uae.dubizzle.com/motors/used-cars/toyota/supra/2025/11/25/clean-supra-mk3-with-special-plate-number-2-077---3adcca6c5ef9405e9a1a367756290d5a/
2,Toyota Rush EX,Toyota,Rush,EX,2022,"60,200 km","42,900",N/A,N/A,"Saif Zone (Sharjah International Airport Free Zone), Sharjah",https://uae.dubizzle.com/motors/used-cars/toyota/rush/2025/12/18/toyota-rush-ex-12-928---097c93f556744ebe89d37d257ab4ec96/
2,Mercedes-Benz E-Class E 200,Mercedes-Benz,E-Class,E 200,2026,0 km,"254,999",N/A,N/A,"Ras Al Khor, Dubai",https://uae.dubizzle.com/motors/used-cars/mercedes-benz/e-class/2025/12/18/2026-mercedes-benz-e-200-amg-eq-boost-20l--2-375---568595a335ab4862b965a9458d6e8141/
2,BMW X6 Xdrive35i Exclusive,BMW,X6,Xdrive35i Exclusive,2017,"93,000 km","99,000",N/A,N/A,"Mirdif, Dubai",https://uae.dubizzle.com/motors/used-cars/bmw/x6/2025/12/18/unique-golden-bmw-x6-v6-high-options-gcc-s-2-203---28197d4f4d6743319b4c361eb3ca5cdd/
2,Mercedes-Benz E-Class E 200,Mercedes-Benz,E-Class,E 200,2026,0 km,"279,000",N/A,N/A,"Al Quoz, Dubai",https://uae.dubizzle.com/motors/used-cars/mercedes-benz/e-class/2025/9/29/summer-offer-mercedes-benz-e-300-2025-gcc--2-562---41732973509041c1853cc1b8126c447a/
2,Porsche Carrera / 911 GT3,Porsche,Carrera / 911,GT3,2022,"44,150 km","709,000",N/A,N/A,"Ras Al Khor, Dubai",https://uae.dubizzle.com/motors/used-cars/porsche/carrera/2025/12/18/2022-porsche-911-gt3-april-2026-porsche-wa-2-012---50a34a06542b4fc6bf04255d8398c598/
2,Audi Q7 3.0 TFSI Quattro Tiptronic,Audi,Q7,3.0 TFSI Quattro Tiptronic,2014,"200,000 km","34,000",N/A,N/A,"Al Muwaiji, Al Ain",https://uae.dubizzle.com/motors/used-cars/audi/q7/2025/12/18/q7-2014-39-556---0385ce04c7fb4f4dbb847f2a9e9b05e0/
2,Mercedes-Benz G-Class G 63 AMG,Mercedes-Benz,G-Class,G 63 AMG,2024,0 km,"910,000",N/A,N/A,"Ras Al Khor, Dubai",https://uae.dubizzle.com/motors/used-cars/mercedes-benz/g-class/2025/12/18/mercedes-benz-g63-amg-carbon-fiber-fully-l-2-381---69f8ee7d455c42bc8658807a92ce881c/
2,Mercedes-Benz G-Class G 63 AMG,Mercedes-Benz,G-Class,G 63 AMG,2024,"46,500 km","789,990",N/A,N/A,"Green Community, Dubai",https://uae.dubizzle.com/motors/used-cars/mercedes-benz/g-class/2025/12/18/0-down-payment-2024-mercedes-benz-g-class--2-263---8921da28c6014f7b979a7b1a82601d31/
2,Mercedes-Benz CLS-Class CLS 350 Blueefficiency Luxury,Mercedes-Benz,CLS-Class,CLS 350 Blueefficiency Luxury,2020,"68,000 km","159,000",N/A,N/A,"Mirdif, Dubai",https://uae.dubizzle.com/motors/used-cars/mercedes-benz/cls-class/2025/12/18/lovely-mercedes-cls-350-top-range-gcc-low--2-220---123c43d8352b4c0c8f38cdd8125fa62b/
2,Mercedes-Benz S580e S 580 e 4MATIC,Mercedes-Benz,S580e,S 580 e 4MATIC,2021,"26,104 km","370,000",N/A,N/A,"Ras Al Khor, Dubai",https://uae.dubizzle.com/motors/used-cars/mercedes-benz/s580e/2025/12/18/mercedes-s-580-brabus-2-493---7ba3657130234c54a56f2dec096c44a7/
2,Porsche Cayenne S,Porsche,Cayenne,S,2013,"118,000 km","37,000",N/A,N/A,"Al Quoz, Dubai",https://uae.dubizzle.com/motors/used-cars/porsche/cayenne/2025/11/24/2013-cayenne-s-v8-gcc-2-084---c513a72f5a97442da5a615a9f3510193/
2,Nissan Altima SL,Nissan,Altima,SL,2013,"220,000 km","15,000",N/A,N/A,"Al Quoz, Dubai",https://uae.dubizzle.com/motors/used-cars/nissan/altima/2025/10/31/2013-nissan-altima-slgcc-2-614---03382fc22c71489ba9fd3e8483e6c627/
2,Volkswagen Touareg Highline,Volkswagen,Touareg,Highline,2014,"136,000 km","32,500",N/A,N/A,"Jumeirah Village Circle (JVC), Dubai",https://uae.dubizzle.com/motors/used-cars/volkswagen/touareg/2025/10/16/2014-vw-touareg-highline-low-mileage-in-pe-2-273---346da769959c40cfa57a7677830f2e35/
2,Hyundai Elantra GLX Elite,Hyundai,Elantra,GLX Elite,2025,0 km,"48,999",N/A,N/A,"Ras Al Khor, Dubai",https://uae.dubizzle.com/motors/used-cars/hyundai/elantra/2025/12/18/hyundai-elantra-glx-elite-electric-seat-su-2-996---9003ac8076564f41bf9ff1637944a3ec/
3,Jetour G700 Comfort,Jetour,G700,Comfort,2026,10 km,"179,000",N/A,N/A,"Al Quoz, Dubai",https://uae.dubizzle.com/motors/used-cars/jetour/g700/2025/12/5/brand-new-904-hp-jetour-g700-5-6-seater-op-2-465---ae810f34280043f8a7cbf5df1e838ec5/
3,Mercedes-Benz G-Class Brabus G 800 Widestar,Mercedes-Benz,G-Class Brabus,G 800 Widestar,2025,0 km,"2,489,000",N/A,N/A,"Al Quoz, Dubai",https://uae.dubizzle.com/motors/used-cars/mercedes-benz/g-class-brabus/2025/12/18/mercedes-benz-g-800-brabus-masterpiece-sup-2-263---5b16f766616249fba60627f2da4ff14e/
3,Volkswagen Teramont Trendline,Volkswagen,Teramont,Trendline,2022,"20,450 km","98,000",N/A,N/A,"Deira, Dubai",https://uae.dubizzle.com/motors/used-cars/volkswagen/teramont/2023/12/21/aed-2331-pm-36l-6cylinder-gcc-warranty-2-295---a965a48b904240d998a9b74d6a7853b7/
3,Lincoln Navigator Presidential,Lincoln,Navigator,Presidential,2022,"115,900 km","178,000",N/A,N/A,"Business Bay, Dubai",https://uae.dubizzle.com/motors/used-cars/lincoln/navigator/2025/11/18/lincoln-navigator-2022-gcc-presidential-ed-2-501---caaa4ddcdb15466e9863c223f6214e45/
3,Fengon IX5 Other,Fengon,IX5,Other,2023,10 km,"55,000",N/A,N/A,"Business Bay, Dubai",https://uae.dubizzle.com/motors/used-cars/fengon/ix5/2024/12/14/1130pm-including-insurance-brand-new-fengo-2-555---907be0ce23e543dda61699f03564dfb4/
3,Infiniti JX-Series Luxury,Infiniti,JX-Series,Luxury,2013,"99,600 km","33,000",N/A,N/A,"Business Bay, Dubai",https://uae.dubizzle.com/motors/used-cars/infiniti/jxseries/2025/9/17/gcc-jx35-2013-top-of-the-range-full-servic-2-137---002f75762c214b47b79993b5b4008346/
3,Volkswagen Golf R,Volkswagen,Golf,R,2024,"17,100 km","184,000",N/A,N/A,"Business Bay, Dubai",https://uae.dubizzle.com/motors/used-cars/volkswagen/golf/2025/9/16/volkswagen-golf-r-2024-top-specification-f-2-926---6cb381709de04f87812a1058b21c9a6b/
3,Mercedes-Benz AMG AMG 45,Mercedes-Benz,AMG,AMG 45,2020,"52,000 km","169,000",N/A,N/A,"Business Bay, Dubai",https://uae.dubizzle.com/motors/used-cars/mercedes-benz/amg/2025/12/18/gcc-mercedes-a45s-amg-full-service-history-2-576---9eabe9d05f64470db8a7b9d1a9565a10/
3,BAW 212 T01 Officer,BAW,212 T01,Officer,2026,0 km,"100,000",N/A,N/A,"Ras Al Khor, Dubai",https://uae.dubizzle.com/motors/used-cars/baw/212-t01/2025/11/21/baw-212-off-road-vehicle-20l-luxury-gb-vir-2-519---522eade976444d4eae2e92d10f6d50fc/
3,BAW 212 T01 Officer,BAW,212 T01,Officer,2026,0 km,"100,000",N/A,N/A,"Ras Al Khor, Dubai",https://uae.dubizzle.com/motors/used-cars/baw/212-t01/2025/11/18/baw-212-t01-brand-new-20l-turbo-only-for-e-2-870---4496ebdc7c4e40678bba0dde8b5da31b/
3,Volvo XC90 T6 R Design,Volvo,XC90,T6 R Design,2018,"118,851 km","89,995",N/A,N/A,"Al Quoz, Dubai",https://uae.dubizzle.com/motors/used-cars/volvo/xc90/2025/12/18/2018-volvo-xc90-t6-r-design-aed-1561-per-m-2-989---32a00623d17e4f27be30117512dca405/
3,Toyota Hilux Double Cab GL,Toyota,Hilux,Double Cab GL,2019,"162,377 km","71,000",N/A,N/A,"Al Masoudi, Al Ain",https://uae.dubizzle.com/motors/used-cars/toyota/hilux/2025/11/20/toyota-hilux-4x4-double-cab-gl-automatic-t-39-569---f578fa963b104d03a00726572e825d99/
3,GAC GS8 GX,GAC,GS8,GX,2024,"30,200 km","99,900",N/A,N/A,"Deira, Dubai",https://uae.dubizzle.com/motors/used-cars/gac/gs8/2025/12/18/aed-1518-month-gac-gs8-20t-gx-4wd-2024-war-2-255---58ab48ebd7974c128f4dac4e3ee4215a/
3,Jeep Wrangler Sport,Jeep,Wrangler,Sport,2021,"38,500 km","95,000",N/A,N/A,"Nad Al Sheba, Dubai",https://uae.dubizzle.com/motors/used-cars/jeep/wrangler/2025/12/18/low-milage-2-door-2021-jeep-2-966---f2e9de5dd58a4d319ec876e891a8d714/
3,Mitsubishi EclipseCross GLS,Mitsubishi,EclipseCross,GLS,2022,"41,000 km","59,000",N/A,N/A,"Dubai Marina, Dubai",https://uae.dubizzle.com/motors/used-cars/mitsubishi/eclipsecross/2025/11/11/mitsubishi-eclipse-cross-202-gcc-without-d-2-537---d07a1a8803b349d88d109ffbf10a2663/
3,Rolls-Royce Spectre Silver Badge,Rolls-Royce,Spectre,Silver Badge,2025,0 km,"1,845,000",N/A,N/A,"Al Quoz, Dubai",https://uae.dubizzle.com/motors/used-cars/rolls-royce/spectre/2025/11/15/rolls-royce-spectre-bespoke-iced-black-mat-2-185---399d0abff7334776abef82b1ac4cbaa3/
3,Rolls-Royce Spectre Silver Badge,Rolls-Royce,Spectre,Silver Badge,2025,"5,900 km","1,575,000",N/A,N/A,"Al Quoz, Dubai",https://uae.dubizzle.com/motors/used-cars/rolls-royce/spectre/2025/12/16/rolls-royce-spectre-bespoke-2-tone-gcc-spe-2-563---479af95a03214390a486475d1b7f773e/
3,Nissan Kicks SV Plus,Nissan,Kicks,SV Plus,2023,"21,000 km","44,000",N/A,N/A,"Dubai Marina, Dubai",https://uae.dubizzle.com/motors/used-cars/nissan/kicks/2025/11/14/nissan-kicks-2024-new-shape-zero-down-paym-2-148---ca603cbbe24d46ebbc3f5adcc2b4373d/
3,Rolls-Royce Cullinan Silver Badge,Rolls-Royce,Cullinan,Silver Badge,2025,"5,400 km","2,100,000",N/A,N/A,"Al Quoz, Dubai",https://uae.dubizzle.com/motors/used-cars/rolls-royce/cullinan/2025/12/17/rolls-royce-cullinan-series-gcc-specs-deal-2-015---08e56ed5b3ca4f748e5ad7ffcf77404b/
3,Rolls-Royce Cullinan Black Badge,Rolls-Royce,Cullinan,Black Badge,2025,"8,700 km","1,899,000",N/A,N/A,"Al Quoz, Dubai",https://uae.dubizzle.com/motors/used-cars/rolls-royce/cullinan/2025/12/6/rolls-royce-cullinan-black-badge-bespoke-g-2-213---e7e6ba27777c48cba505399b773452f8/
3,Toyota Raize TURBO G,Toyota,Raize,TURBO G,2023,"29,000 km","39,500",N/A,N/A,"Dubai Marina, Dubai",https://uae.dubizzle.com/motors/used-cars/toyota/raize/2025/11/16/toyota-raize-gcc-zero-down-payment-free-re-2-023---a7e0fc3c5ee7493880f37e5e698b3077/
3,Toyota Land Cruiser GXR 3.5L,Toyota,Land Cruiser,GXR 3.5L,2025,0 km,"280,000",N/A,N/A,"Ras Al Khor, Dubai",https://uae.dubizzle.com/motors/used-cars/toyota/land-cruiser/2025/12/18/toyota-land-cruser-gxr-35l-2025-gcc-2-440---35c7b0dad31d48a28fb3180b8da5a79f/
3,Land Rover Defender 90,Land Rover,Defender,90,2025,"5,850 km","275,000",N/A,N/A,"Nad Al Sheba, Dubai",https://uae.dubizzle.com/motors/used-cars/land-rover/defender/2025/12/18/2025-brand-new-defender-90-2-669---82eecb7145e34fe8a3e377dfb98ddce9/
3,GAC GS8 GX,GAC,GS8,GX,2023,"80,000 km","89,900",N/A,N/A,"Deira, Dubai",https://uae.dubizzle.com/motors/used-cars/gac/gs8/2025/12/18/aed-1366-month-gac-gs8-gx-20t-4wd-2023-war-2-222---e416fa7d8df845a5837feadb972ff629/
3,Ford Taurus Limited,Ford,Taurus,Limited,2023,"18,000 km","98,000",N/A,N/A,"Dubai Production City (IMPZ), Dubai",https://uae.dubizzle.com/motors/used-cars/ford/taurus/2025/12/10/ford-taurus-2023-gcc-5-years-agency-warran-2-324---9069e1d1dafb4b7486e893d49ac5d895/
3,BMW 1-Series 120i,BMW,1-Series,120i,2017,"136,000 km","29,000",N/A,N/A,"Dubai Production City (IMPZ), Dubai",https://uae.dubizzle.com/motors/used-cars/bmw/1-series/2025/12/11/bmw-120i-gcc-2017-fully-serviced-well-main-2-212---27af986dbb59400098fac28efefa6c99/
4,Ford Territory Trend,Ford,Territory,Trend,2023,"49,845 km","68,900",N/A,N/A,"Ras Al Khor, Dubai",https://uae.dubizzle.com/motors/used-cars/ford/territory/2025/12/12/dealer-warranty-free-service-leather-seats-2-062---6ddc814eea244ac7ac7f60abbec14476/
4,Audi RS Q8 4.0 TFSI quattro,Audi,RS Q8,4.0 TFSI quattro,2022,"38,000 km","375,000",N/A,N/A,"Ras Al Khor, Dubai",https://uae.dubizzle.com/motors/used-cars/audi/rs-q8/2025/12/4/2022-audi-rsq8-same-like-brand-condition-o-2-787---ee043138257842168233314a596f5e42/
4,Audi S6/RS6 4.0 TFSI quattro,Audi,S6/RS6,4.0 TFSI quattro,2021,"56,000 km","345,000",N/A,N/A,"Ras Al Khor, Dubai",https://uae.dubizzle.com/motors/used-cars/audi/rs6/2025/11/19/2021-audi-rs6-japanes-specs-only-56000-km-2-824---8003e06084cf45158ba285fc47e05fc0/
4,Mercedes-Benz S-Class S 63 AMG,Mercedes-Benz,S-Class,S 63 AMG,2018,"37,000 km","345,000",N/A,N/A,"Ras Al Khor, Dubai",https://uae.dubizzle.com/motors/used-cars/mercedes-benz/s-class/2025/10/21/mercedes-benz-s63-coupe-amg-year-2018only--2-574---c56622f97f274998870de3a889c6ebd3/
4,Honda CR-V Other,Honda,CR-V,Other,2008,"143,000 km","17,000",N/A,N/A,"Al Mowaihat, Ajman",https://uae.dubizzle.com/motors/used-cars/honda/cr-v/2025/12/18/honda-cr-v-for-sale-well-maintained-and-in-14-693---e10a39d36b774415a29941676059e04f/
4,Rolls-Royce Silver Shadow Other,Rolls-Royce,Silver Shadow,Other,1967,"3,500 km","360,000",N/A,N/A,"Sobha Hartland, Dubai",https://uae.dubizzle.com/motors/used-cars/rolls-royce/silver-shadow/2025/12/18/rare-gem-rolls-royce-silver-shadow-drophea-2-609---c23240c5c0df49e8bd8ef5ec84945d64/
4,Mitsubishi Attrage GLX,Mitsubishi,Attrage,GLX,2021,"50,000 km","21,900",N/A,N/A,"Al Qusais, Dubai",https://uae.dubizzle.com/motors/used-cars/mitsubishi/attrage/2025/12/2/mitsubishi-attrage-2021-gcc-2-117---3376c86207c944e68400e1c16102f38c/
4,MG One STD,MG,One,STD,2024,0 km,"49,900",N/A,N/A,"Ras Al Khor, Dubai",https://uae.dubizzle.com/motors/used-cars/mg/one/2025/10/29/standard-15l-turbo-petrol-2024-gcc-export--2-215---112368187b714cfca1efa9ab1bb66ffd/
4,MG MG5 Standard,MG,MG5,Standard,2025,0 km,"26,500",N/A,N/A,"Ras Al Khor, Dubai",https://uae.dubizzle.com/motors/used-cars/mg/mg5/2025/9/8/standard-15l-petrol-mt-2025-export-price-2-2-882---8705f5cece354ca18e71a58d1e58ccb5/
4,Land Rover Range Rover HSE TOP,Land Rover,Range Rover,HSE TOP,2012,"102,000 km","39,000",N/A,N/A,"Ras Al Khor, Dubai",https://uae.dubizzle.com/motors/used-cars/land-rover/range-rover/2025/12/11/range-rover-vouge-hse-full-option-gcc-spec-2-996---392f6770553348c7ae613444683ea12d/
4,Porsche Carrera / 911 GT3 RS,Porsche,Carrera / 911,GT3 RS,2024,"6,000 km","1,200,000",N/A,N/A,"Dubai Hills Estate, Dubai",https://uae.dubizzle.com/motors/used-cars/porsche/carrera/2025/12/9/gt3-rs-2024-with-custom-exhaust-2-717---d47004ba33c34843a1861ed4ab061bf5/
4,Ford Mustang GT Premium,Ford,Mustang,GT Premium,2024,"6,719 km","239,990",N/A,N/A,"Green Community, Dubai",https://uae.dubizzle.com/motors/used-cars/ford/mustang/2025/12/18/0-down-payment-2024-ford-mustang-premium-c-2-859---a532b6fa51194f8ea942123d884e6d4d/
4,Nissan Pathfinder SL,Nissan,Pathfinder,SL,2019,"136,000 km","38,000",N/A,N/A,"Al Nahda (Dubai), Dubai",https://uae.dubizzle.com/motors/used-cars/nissan/pathfinder/2025/11/25/nissan-pathfinder-sl-awd-rock-creek-2-489---62c72034d1a44e4693502ca84535c0be/
4,Geely Coolray GF,Geely,Coolray,GF,2026,0 km,"82,999",N/A,N/A,"Al Quoz, Dubai",https://uae.dubizzle.com/motors/used-cars/geely/coolray/2025/12/18/emi-1250-free-registration-warranty-7-year-2-341---f5652311c0a44ca59fbdb4bc38aafe1c/
4,Land Rover Range Rover Velar R-Dynamic,Land Rover,Range Rover Velar,R-Dynamic,2022,"64,710 km","169,950",N/A,N/A,"Sheikh Zayed Road, Dubai",https://uae.dubizzle.com/motors/used-cars/land-rover/range-rover-velar/2025/12/18/3257-pm-0-downpayment-velar-r-dynamic-1-ye-2-949---564461d8fdae4cecbfea4b96bb1fcad3/
4,Mitsubishi Outlander GLS,Mitsubishi,Outlander,GLS,2010,"295,000 km","12,500",N/A,N/A,"Dubai Silicon Oasis (DSO), Dubai",https://uae.dubizzle.com/motors/used-cars/mitsubishi/outlander/2025/11/2/outlander-2010-gcc-4-cylinder-24-4wd-2-745---12c78fcd1f8446ec8bcb78ec173ebbd3/
4,Land Rover Range Rover Autobiography,Land Rover,Range Rover,Autobiography,2023,"45,100 km","569,999",N/A,N/A,"Ras Al Khor, Dubai",https://uae.dubizzle.com/motors/used-cars/land-rover/range-rover/2025/10/2/2023gcc-spec-under-warranty-and-service-co-2-003---541ca6aa06224870a75e5bb2d28e1fe0/
4,Lamborghini Revuelto Other,Lamborghini,Revuelto,Other,2024,0 km,"2,675,000",N/A,N/A,"Al Quoz, Dubai",https://uae.dubizzle.com/motors/used-cars/lamborghini/revuelto/2025/11/28/lamborghini-revuelto-i-gcc-spec-i-delivery-2-939---ad4a9f6c483c4b3db299ff8e6a3403e4/
4,Porsche Carrera / 911 GT3,Porsche,Carrera / 911,GT3,2025,0 km,"1,199,990",N/A,N/A,"Al Quoz, Dubai",https://uae.dubizzle.com/motors/used-cars/porsche/carrera/2025/10/17/porsche-911-gt3-9922-lease-to-own-exclusiv-2-831---21ac0500e1ba4b22900b17ea2b7906bc/
4,Ferrari 812 GTS GTS,Ferrari,812 GTS,GTS,2023,"4,500 km","2,250,000",N/A,N/A,"Al Quoz, Dubai",https://uae.dubizzle.com/motors/used-cars/ferrari/812-gts/2025/10/28/ferrari-812-gts-gcc-top-specification-leas-2-280---4b8d1e0beacc4a67a70e837cadf5d961/
4,Mercedes-Benz SLR SLR,Mercedes-Benz,SLR,SLR,2005,"26,000 km","1,400,000",N/A,N/A,"Al Quoz, Dubai",https://uae.dubizzle.com/motors/used-cars/mercedes-benz/slr/2025/10/11/2005-mercedes-mclaren-slr-2-736---9b441b7ca48f4b1d98c3bb0e30239042/
4,Mercedes-Benz SLR SLR,Mercedes-Benz,SLR,SLR,2005,"7,900 km","1,875,000",N/A,N/A,"Al Quoz, Dubai",https://uae.dubizzle.com/motors/used-cars/mercedes-benz/slr/2025/10/11/2005-mercedes-mclaren-slr-extensively-main-2-609---7adec40c0205454692fb9e1b38660d6f/
4,Nissan Patrol Safari Super Safari,Nissan,Patrol Safari,Super Safari,2024,"26,289 km","219,900",N/A,N/A,"Al Quoz, Dubai",https://uae.dubizzle.com/motors/used-cars/nissan/patrol-safari/2025/12/18/nissan-patrol-super-safari-aed-3445-pm-und-2-289---4dc0d7de4c14478790793f83386814e4/
4,Audi Q7 55 TFSI quattro S line Black Edition,Audi,Q7,55 TFSI quattro S line Black Edition,2019,"245,000 km","59,000",N/A,N/A,"Al Warqaa, Dubai",https://uae.dubizzle.com/motors/used-cars/audi/q7/2025/12/18/2019-audi-q7-sline-gcc-55-tfsi-quatro-2-462---0562093294334874942915f88ac51184/
4,Jeep Wrangler Unlimited Rubicon 392,Jeep,Wrangler Unlimited,Rubicon 392,2024,"13,000 km","329,000",N/A,N/A,"Al Quoz, Dubai",https://uae.dubizzle.com/motors/used-cars/jeep/wrangler-unlimited/2025/12/15/64l-470bhp-final-edition-jeep-warranty-ser-2-243---9671097dfb654ffbbac791beb12a0519/
4,GAC EMKOO GE,GAC,EMKOO,GE,2025,"14,629 km","67,900",N/A,N/A,"Deira, Dubai",https://uae.dubizzle.com/motors/used-cars/gac/emkoo/2025/9/3/aed-1064-month-gac-emkoo-15t-ge-2025-warra-2-077---f958360ea4524543a581244e6eda0451/
5,BMW M3 Competition,BMW,M3,Competition,2025,"5,817 km","462,900",N/A,N/A,"Al Quoz, Dubai",https://uae.dubizzle.com/motors/used-cars/bmw/m3/2025/5/17/m3-competition-lci-aed-7700-pm-warranty-de-2-175---3f3f5ac4a34e4317a306accac87bf444/
5,GAC GN6 GE,GAC,GN6,GE,2023,"60,032 km","59,900",N/A,N/A,"Deira, Dubai",https://uae.dubizzle.com/motors/used-cars/gac/gn6/2025/5/13/gac-gn6-ge-15t-2023-warranty-service-histo-2-387---b0ebb91f833348bea08edfc74c58add5/
5,GAC GN8 GL,GAC,GN8,GL,2023,"39,984 km","84,900",N/A,N/A,"Deira, Dubai",https://uae.dubizzle.com/motors/used-cars/gac/gn8/2025/11/28/aed-1291-month-gac-gn8-gl-20t-2023-warrant-2-110---cf1b80dac54f4d578455be7c549bdfa9/
5,Cadillac Escalade ESV,Cadillac,Escalade,ESV,2023,"37,724 km","314,900",N/A,N/A,"Deira, Dubai",https://uae.dubizzle.com/motors/used-cars/cadillac/escalade/2025/11/20/cadillac-escalade-sport-luxury-2024-warran-2-548---7e68a5477ba64d239f69100319d53e8f/
5,Porsche Cayenne Turbo GT,Porsche,Cayenne,Turbo GT,2022,"94,130 km","449,000",N/A,N/A,"Al Quoz, Dubai",https://uae.dubizzle.com/motors/used-cars/porsche/cayenne/2025/12/18/cayenne-turbo-gt-aed-6630-pm-warranty-apri-2-256---3014d5f6ace1423da7499549e42a4bbc/
5,Fiat 500 Dolcevita,Fiat,500,Dolcevita,2024,36 km,"54,500",N/A,N/A,"Business Bay, Dubai",https://uae.dubizzle.com/motors/used-cars/fiat/500/2025/12/9/fiat-500-dolce-vita-brand-new-2024-model-g-2-525---d506ab8192454eec877f98aa8ef21cf7/
5,Mercedes-Benz SLK-Class SLK 200 Kompressor,Mercedes-Benz,SLK-Class,SLK 200 Kompressor,2015,"116,000 km","48,500",N/A,N/A,"Business Bay, Dubai",https://uae.dubizzle.com/motors/used-cars/mercedes-benz/slk-class/2025/9/26/mercedes-benz-slk200-compressor-convertibl-2-158---cc3763c224d04b51a4e9c3d9d426750d/
5,Ford Escape Trend,Ford,Escape,Trend,2021,"95,000 km","49,500",N/A,N/A,"Business Bay, Dubai",https://uae.dubizzle.com/motors/used-cars/ford/escape/2025/6/9/ford-escape-15-eco-boost-trend-plus-2021-m-2-208---77ee2303e5334b5b914709ae0e84fdcf/
5,Mercedes-Benz GL-Class GL 500 4matic,Mercedes-Benz,GL-Class,GL 500 4matic,2016,"116,000 km","76,500",N/A,N/A,"Business Bay, Dubai",https://uae.dubizzle.com/motors/used-cars/mercedes-benz/gl-class/2025/11/28/mercedes-benz-gl500-4matic-7-seater-2016-m-2-802---8b0397f5833345d1bacad1b068882df8/
5,BMW 4-Series 430i Convertible,BMW,4-Series,430i Convertible,2023,"30,000 km","135,000",N/A,N/A,"Jumeirah Golf Estates, Dubai",https://uae.dubizzle.com/motors/used-cars/bmw/4-series/2025/12/2/bmw-430i-m-sport-convertible-2023-american-2-745---eb4d177d20294503966d942f2aaf1c88/
5,Toyota Land Cruiser GXR,Toyota,Land Cruiser,GXR,2025,0 km,"288,000",N/A,N/A,"Abu Dhabi Industrial City, Abu Dhabi",https://uae.dubizzle.com/motors/used-cars/toyota/land-cruiser/2025/12/4/land-cruiser-diesel-33l-white-jpl-3-478---71ead08885624b7f970e81fdef5c4240/
5,Toyota Land Cruiser GXR,Toyota,Land Cruiser,GXR,2025,0 km,"275,000",N/A,N/A,"Abu Dhabi Industrial City, Abu Dhabi",https://uae.dubizzle.com/motors/used-cars/toyota/land-cruiser/2025/7/30/gxr-diesel-2025-3-175---f7475270024c4a55b514197cb9c1244f/
5,Nissan Patrol XE,Nissan,Patrol,XE,2026,0 km,"247,000",N/A,N/A,"Abu Dhabi Industrial City, Abu Dhabi",https://uae.dubizzle.com/motors/used-cars/nissan/patrol/2025/12/4/nissan-patrol-xe-3-148---98fe58f2eb9c4b9eacb6137b625c46e7/
5,Nissan Patrol LE Platinum,Nissan,Patrol,LE Platinum,2024,0 km,"290,000",N/A,N/A,"Abu Dhabi Industrial City, Abu Dhabi",https://uae.dubizzle.com/motors/used-cars/nissan/patrol/2025/11/2/nissan-petrol-platinum-2024-v8-3-757---ae86e3b5a11344ea9890bb9f51b9297f/
5,Toyota Land Cruiser GR-SPORT 3.5L,Toyota,Land Cruiser,GR-SPORT 3.5L,2025,0 km,"372,000",N/A,N/A,"Abu Dhabi Industrial City, Abu Dhabi",https://uae.dubizzle.com/motors/used-cars/toyota/land-cruiser/2025/11/14/toyota-land-cruiser-gr-3-563---334da1edbff44bc288aa41dd27a771dc/
5,Porsche Cayenne Standard,Porsche,Cayenne,Standard,2024,"12,000 km","299,000",N/A,N/A,"Green Community, Dubai",https://uae.dubizzle.com/motors/used-cars/porsche/cayenne/2025/11/5/porsche-cayenne-low-mileage-one-year-warra-2-498---cfb4407de0e140b2a3e866704afaa48d/
5,Lexus LS-Series Full Option (long),Lexus,LS-Series,Full Option (long),1999,"359,290 km","14,400",N/A,N/A,"Abu Dhabi Gate City (Officers City), Abu Dhabi",https://uae.dubizzle.com/motors/used-cars/lexus/ls-series/2025/12/9/ls400-clean-car-3-008---f6c64b99d4374d5187ad6888f3285d7f/
5,BYD Qin Plus DM-i,BYD,Qin Plus,DM-i,2025,0 km,"42,000",N/A,N/A,"Ras Al Khor, Dubai",https://uae.dubizzle.com/motors/used-cars/byd/qin-plus/2025/12/18/2025-byd-qin-plus-dmi-55km-export-only-2-367---1801ed6ffcf542c7a4c6ce70b42d500c/
5,Lamborghini Urus S,Lamborghini,Urus,S,2024,0 km,"2,200,000",N/A,N/A,"Downtown Dubai, Dubai",https://uae.dubizzle.com/motors/used-cars/lamborghini/urus/2025/12/18/urus-furioso-by-venuum-2-810---8d505ec6068f4c60a343cf000d48de02/
5,Toyota Corolla Cross XLE,Toyota,Corolla Cross,XLE,2024,0 km,"83,500",N/A,N/A,"Ras Al Khor, Dubai",https://uae.dubizzle.com/motors/used-cars/toyota/corolla-cross/2025/7/17/toyota-corolla-cross-xle-hybird-18l-gcc-2-661---fa45b4c2c324458689ebb266d4fc5a70/
5,Volkswagen Amarok Life,Volkswagen,Amarok,Life,2023,"30,500 km","119,900",N/A,N/A,"Al Quoz, Dubai",https://uae.dubizzle.com/motors/used-cars/volkswagen/amarok/2025/12/16/1830-monthly-down-payment-assist-zero-down-2-257---2c5a5cc9225945ccad97244d7611f2ca/
5,GAC M8 GT,GAC,M8,GT,2025,"5,273 km","126,900",N/A,N/A,"Deira, Dubai",https://uae.dubizzle.com/motors/used-cars/gac/m8/2025/12/18/aed-1928-month-gac-m8-gt-20t-2025-warranty-2-195---be0afbd1102247ce8053680d39e749e5/
5,Kia Sportage Turbo,Kia,Sportage,Turbo,2025,0 km,"79,000",N/A,N/A,"Ras Al Khor, Dubai",https://uae.dubizzle.com/motors/used-cars/kia/sportage/2025/12/18/2025-kia-sportage-15t-2-528---97a889040c874970bda442668fd6e659/
5,Hyundai Veloster Turbo,Hyundai,Veloster,Turbo,2015,"129,000 km","26,000",N/A,N/A,"Al Barsha, Dubai",https://uae.dubizzle.com/motors/used-cars/hyundai/veloster/2025/12/18/gcc-lady-driven-hyundai-veloster-2015-low--2-093---3210d9b33bd6439d9616d6df4d860d90/
5,Toyota Prado Other,Toyota,Prado,Other,2026,0 km,"200,000",N/A,N/A,"Ras Al Khor, Dubai",https://uae.dubizzle.com/motors/used-cars/toyota/prado/2025/12/15/toyota-land-criuser-prado-24-petrol-2026-m-2-100---b714a1912adb4575b1174c2bcb5b504f/
5,Kia Bongo 4000,Kia,Bongo,4000,2025,0 km,"63,000",N/A,N/A,"Ras Al Khor, Dubai",https://uae.dubizzle.com/motors/used-cars/kia/bongo/2025/8/13/kia-k4000-bongo-deisel-2025-mt-2-257---91d40e99989044aca447fab712c5f887/
6,Nissan Xterra Platinum,Nissan,Xterra,Platinum,2023,0 km,"96,000",N/A,N/A,"Ras Al Khor, Dubai",https://uae.dubizzle.com/motors/used-cars/nissan/xterra/2024/1/17/2023-nissan-xterra-platinum-25l-4wd-at-prl-2-013---cb21c3bdd39646bcb84c22260915a22b/
6,Dodge Charger R/T,Dodge,Charger,R/T,2019,"130,000 km","39,000",N/A,N/A,"Saif Zone (Sharjah International Airport Free Zone), Sharjah",https://uae.dubizzle.com/motors/used-cars/dodge/charger/2025/11/18/rt-2019-srt-12-200---70f8e2b9f0ad4d71b5d1c2ac563dece3/
6,GMC Sierra AT4,GMC,Sierra,AT4,2021,"123,000 km","113,000",N/A,N/A,"Saif Zone (Sharjah International Airport Free Zone), Sharjah",https://uae.dubizzle.com/motors/used-cars/gmc/sierra/2025/11/17/2021-at4-12-377---7d9de326862e4f4c9e773d093afd4e6c/
6,Chevrolet Spark Other,Chevrolet,Spark,Other,2020,"110,000 km","15,500",N/A,N/A,"Saif Zone (Sharjah International Airport Free Zone), Sharjah",https://uae.dubizzle.com/motors/used-cars/chevrolet/spark/2025/8/17/spark-2020-gcc-low-km-12-957---b000378800904e5fa8e4b7ba0b29cd94/
6,Mitsubishi L200 Double Cab GL,Mitsubishi,L200,Double Cab GL,2026,0 km,"68,500",N/A,N/A,"Ras Al Khor, Dubai",https://uae.dubizzle.com/motors/used-cars/mitsubishi/l200/2025/11/24/mitsubishi-l200-24l-gl-petrol-4wd-dc-5mt-2-2-088---c74558ef6a5e43f893eab2fc49eb794b/
6,Land Rover Range Rover Vogue SE Supercharged,Land Rover,Range Rover,Vogue SE Supercharged,2017,"42,734 km","189,000",N/A,N/A,"Al Quoz, Dubai",https://uae.dubizzle.com/motors/used-cars/land-rover/range-rover/2025/12/18/range-rover-p525-vogue-se-supercharged-aed-2-530---6af48cc0b69d43398b5af8e58bf33f17/
6,Ford Pickup Other,Ford,Pickup,Other,2019,"133,000 km","77,000",N/A,N/A,"Saif Zone (Sharjah International Airport Free Zone), Sharjah",https://uae.dubizzle.com/motors/used-cars/ford/pickup/2025/12/18/2019-f150-lariat-12-138---562085e2ded64997a4e68cfd50463939/
6,Rolls-Royce Cullinan Black Badge,Rolls-Royce,Cullinan,Black Badge,2022,105 km,"2,090,000",N/A,N/A,"Jumeirah Village Circle (JVC), Dubai",https://uae.dubizzle.com/motors/used-cars/rolls-royce/cullinan/2025/10/22/rolls-royce-black-badge-cullinan-bespoke-w-2-879---6090316618f648808dc84e7ac055ca2a/
6,Rolls-Royce Spectre Standard,Rolls-Royce,Spectre,Standard,2024,"14,125 km","1,590,000",N/A,N/A,"Jumeirah Village Circle (JVC), Dubai",https://uae.dubizzle.com/motors/used-cars/rolls-royce/spectre/2025/8/27/rolls-royce-spectre-certified-pre-owned-wa-2-323---03dc821e81b14f5e8391353db8d6d84e/
6,Rolls-Royce Spectre Standard,Rolls-Royce,Spectre,Standard,2024,"3,009 km","1,720,000",N/A,N/A,"Jumeirah Village Circle (JVC), Dubai",https://uae.dubizzle.com/motors/used-cars/rolls-royce/spectre/2025/4/23/royce-royce-spectre-2024-warranty-certfied-2-507---7f84e297881c45a9a3ca929f8f036072/
6,Rolls-Royce Dawn Black Badge,Rolls-Royce,Dawn,Black Badge,2018,"7,070 km","1,850,000",N/A,N/A,"Jumeirah Village Circle (JVC), Dubai",https://uae.dubizzle.com/motors/used-cars/rolls-royce/dawn/2025/10/28/black-badge-dawn-certified-pre-owned-2-611---c49e0e6a73484c89895ecc716ad20a2c/
6,Rolls-Royce Wraith Standard,Rolls-Royce,Wraith,Standard,2016,"50,800 km","600,000",N/A,N/A,"Jumeirah Village Circle (JVC), Dubai",https://uae.dubizzle.com/motors/used-cars/rolls-royce/wraith/2025/12/4/rolls-royce-wraith-2-890---59adafc95287491c8d97a6f0898e2f91/
6,Rolls-Royce Wraith Special Edition,Rolls-Royce,Wraith,Special Edition,2017,"22,400 km","999,000",N/A,N/A,"Jumeirah Village Circle (JVC), Dubai",https://uae.dubizzle.com/motors/used-cars/rolls-royce/wraith/2025/11/10/rolls-royce-wraith-opus-one-of-one-heavy-b-2-969---72196bcef2324373bfc74da9ab7d2bc9/
6,Nissan Sunny Other,Nissan,Sunny,Other,2022,"235,000 km","23,500",N/A,N/A,"Al Mamzar, Dubai",https://uae.dubizzle.com/motors/used-cars/nissan/sunny/2025/11/23/nissan-sunny-2021-gcc-excellent-condition-2-922---343aa3e6adbf47d5bce69805d9705ecf/
6,Ford Edge Sport Limited,Ford,Edge,Sport Limited,2013,"130,000 km","23,500",N/A,N/A,"Al Barsha, Dubai",https://uae.dubizzle.com/motors/used-cars/ford/edge/2025/12/18/gcc-lady-dtiven-ford-edge-sport-2013-fully-2-051---dcedba047167454c9011089417969a01/
6,Porsche Carrera / 911 Turbo,Porsche,Carrera / 911,Turbo,2004,"35,793 km","299,000",N/A,N/A,"Al Quoz, Dubai",https://uae.dubizzle.com/motors/used-cars/porsche/carrera/2025/12/18/911-turbo-tiptronic-s-drive-home-today-2-822---77c9adb513b3422e94b34aec694d9135/
6,Maserati Levante Trofeo,Maserati,Levante,Trofeo,2023,"13,500 km","499,000",N/A,N/A,"Al Manara, Dubai",https://uae.dubizzle.com/motors/used-cars/maserati/levante/2025/7/3/approved-maserati-levante-trofeo-2-348---394d58e412534495b1d220c019541b1a/
6,Ford Edge SEL,Ford,Edge,SEL,2016,"160,714 km","22,000",N/A,N/A,"Ras Al Khor, Dubai",https://uae.dubizzle.com/motors/used-cars/ford/edge/2025/11/18/ford-edge-sel-american-specs-2-686---65771dfabf0040fd90362587b23bd384/
6,Jeep Wrangler Willys Wheeler,Jeep,Wrangler,Willys Wheeler,2017,"252,544 km","43,000",N/A,N/A,"Ras Al Khor, Dubai",https://uae.dubizzle.com/motors/used-cars/jeep/wrangler/2025/10/18/jeep-wrangler-gcc-specs-manual-gear-single-2-836---a3e5e45f74fb4362b69381503965595d/
6,Land Rover Range Rover Vogue HSE,Land Rover,Range Rover,Vogue HSE,2021,"110,000 km","149,000",N/A,N/A,"Saif Zone (Sharjah International Airport Free Zone), Sharjah",https://uae.dubizzle.com/motors/used-cars/land-rover/range-rover/2025/12/3/hse-p525-2021-12-036---477b2e9d99f24cc797eca5a2876f63e7/
6,Cadillac Escalade Platinum,Cadillac,Escalade,Platinum,2019,"49,875 km","129,900",N/A,N/A,"Al Awir, Dubai",https://uae.dubizzle.com/motors/used-cars/cadillac/escalade/2025/12/17/cadillac-escalade-platinum-2019-emi-aed-20-2-023---a22cf7b3eb064850b69bc0201c3f2437/
6,Nissan Sunny SV,Nissan,Sunny,SV,2021,"59,000 km","28,500",N/A,N/A,"Al Barsha, Dubai",https://uae.dubizzle.com/motors/used-cars/nissan/sunny/2025/12/18/0-dp-low-mileage-nissan-sunny-sv-16l-gcc-s-2-014---d0f7c1e7443342b4a3d45ac292313661/
6,Mitsubishi Attrage GLS,Mitsubishi,Attrage,GLS,2022,"90,000 km","22,000",N/A,N/A,"Dubai Marina, Dubai",https://uae.dubizzle.com/motors/used-cars/mitsubishi/attrage/2025/10/16/aed-550-per-month-without-down-payment-202-2-719---0aee3fcfb02640aaad4a7bdcbb57b1be/
6,McLaren Artura Performance,McLaren,Artura,Performance,2024,"9,090 km","589,999",N/A,N/A,"Jumeirah Village Triangle (JVT), Dubai",https://uae.dubizzle.com/motors/used-cars/mclaren/artura/2025/12/2/2024-mclaren-artura-gcc-specs-mso-ceramic--2-232---0aaee05f9d2649158d97d63eb7e18f5b/
6,Nissan X-Trail SV,Nissan,X-Trail,SV,2015,"183,000 km","26,500",N/A,N/A,"Al Jaddaf, Dubai",https://uae.dubizzle.com/motors/used-cars/nissan/x-trail/2025/12/15/2015-x-trail-4x4-gcc-7-seats-2-867---91da8303f4624ef1967e3d52fe2bb554/
7,Jetour X70 Plus Comfort,Jetour,X70,Plus Comfort,2025,10 km,"89,000",N/A,N/A,"Al Quoz, Dubai",https://uae.dubizzle.com/motors/used-cars/jetour/x70/2024/8/23/2025-brand-new-jetour-x70-plus-comfort-7-s-2-681---ed8b6204ada54f15a67f7d94b837e3c8/
7,Kia Sportage Other,Kia,Sportage,Other,2016,"222,300 km","25,500",N/A,N/A,"Al Jaddaf, Dubai",https://uae.dubizzle.com/motors/used-cars/kia/sportage/2025/12/13/kia-sportage-2016-model-gcc-full-option-pa-2-420---1d0207cdcb674c768665b0643735091c/
7,Jetour T2 2.0L 4WD,Jetour,T2,2.0L 4WD,2025,0 km,"95,000",N/A,N/A,"Ras Al Khor, Dubai",https://uae.dubizzle.com/motors/used-cars/jetour/t2/2025/11/21/jetour-t2-4wd-conquest-pro-travel-20l-turb-2-007---1023bc613339432f876b096778289837/
7,Mercedes-Benz EQE 350,Mercedes-Benz,EQE,350,2023,0 km,"155,000",N/A,N/A,"Ras Al Khor, Dubai",https://uae.dubizzle.com/motors/used-cars/mercedes-benz/eqe/2025/12/18/2023-mercedes-benz-eqe-350-ev-717-km-2023-2-666---44c08642d1ce482a9cdf1dc4285d7417/
7,Mercedes-Benz GLE Coupe GLE 450,Mercedes-Benz,GLE Coupe,GLE 450,2025,0 km,"385,000",N/A,N/A,"Ras Al Khor, Dubai",https://uae.dubizzle.com/motors/used-cars/mercedes-benz/gle-coupe/2025/7/7/mercedes-benz-gle-450-4matic-coupe-2-205---6e9686c1de9f41e5b25ddbdef3af5bb8/
7,Nissan Maxima SR,Nissan,Maxima,SR,2021,"93,000 km","79,000",N/A,N/A,"Ras Al Khor, Dubai",https://uae.dubizzle.com/motors/used-cars/nissan/maxima/2025/12/18/nissan-maxima-sr-2024-gcc-93000-km-black-2-637---81711c3071af4a41b551b8745c8631b9/
7,Hyundai Staria Other,Hyundai,Staria,Other,2026,0 km,"102,000",N/A,N/A,"Ras Al Khor, Dubai",https://uae.dubizzle.com/motors/used-cars/hyundai/staria/2025/10/9/hyundai-staria-2026-petrol-35-at-9-set-2-606---b8caad0da7234d84b5ad47d44ee9e188/
7,Land Rover Range Rover Sport SE Dynamic,Land Rover,Range Rover Sport,SE Dynamic,2023,"29,000 km","339,000",N/A,N/A,"Barsha Heights (Tecom), Dubai",https://uae.dubizzle.com/motors/used-cars/land-rover/range-rover-sport/2025/12/18/original-paint-zero-accidents-full-service-2-802---ab003f73a8f44b378fad5d22ad9db17a/
7,Mercedes-Benz G-Class G 63 AMG 4×4²,Mercedes-Benz,G-Class,G 63 AMG 4×4²,2022,"80,499 km","899,900",N/A,N/A,"Al Quoz, Dubai",https://uae.dubizzle.com/motors/used-cars/mercedes-benz/g-class/2025/12/18/g63-amg-4x42-aed-13289-pm-warranty-january-2-706---9606a9ac76974a29beda22ebc02c2ef4/
7,Porsche Cayenne S,Porsche,Cayenne,S,2024,"16,423 km","479,000",N/A,N/A,"Al Quoz, Dubai",https://uae.dubizzle.com/motors/used-cars/porsche/cayenne/2025/12/11/2024-porsche-cayenne-s-coupe-2026-porsche--2-475---c2b3430a85804fe98a3a56061217e566/
7,Aston Martin DBX 550,Aston Martin,DBX,550,2021,"20,348 km","364,999",N/A,N/A,"Jumeirah Village Triangle (JVT), Dubai",https://uae.dubizzle.com/motors/used-cars/aston-martin/dbx/2025/12/18/2021-aston-martin-dbx-gcc-specs-cumberland-2-602---f8fb7652945d4fccb57d7656347bcd4c/
7,Volvo S40 Other,Volvo,S40,Other,2012,"280,000 km","11,500",N/A,N/A,"Ras Al Khor, Dubai",https://uae.dubizzle.com/motors/used-cars/volvo/s40/2025/9/2/volvo-s40-2012-gcc-perfect-condition-2-217---93118db006bf41bfb6096878dd3a2c40/
7,Toyota Yaris E,Toyota,Yaris,E,2019,"91,000 km","28,500",N/A,N/A,"Ras Al Khor, Dubai",https://uae.dubizzle.com/motors/used-cars/toyota/yaris/2025/11/16/-2-997---608f5b8be3e04c3c9e6778b248c6777c/
7,Toyota Sequoia Limited,Toyota,Sequoia,Limited,2009,"175,250 km","36,000",N/A,N/A,"Al Twar, Dubai",https://uae.dubizzle.com/motors/used-cars/toyota/sequoia/2025/12/2/t-sequia-2009-v8-limited-edition-2-610---b54ef90b9a434c77856778f24ca86a02/
7,Nissan Patrol LE Platinum City,Nissan,Patrol,LE Platinum City,2018,"103,250 km","93,000",N/A,N/A,"Al Twar, Dubai",https://uae.dubizzle.com/motors/used-cars/nissan/patrol/2025/12/11/n-patrol-i-2018-i-v8-i-big-engine-2-646---fbf7924b2a084358b627416db5d38b0c/
7,Cadillac ATS 2.0T Premium Luxury,Cadillac,ATS,2.0T Premium Luxury,2017,"105,250 km","27,000",N/A,N/A,"Muhaisnah, Dubai",https://uae.dubizzle.com/motors/used-cars/cadillac/ats/2025/2/6/cadillac-ats-2017-v4-top-2-211---a9dba791f810420d9c28f757a0f88e44/
7,BMW X1 Xdrive28i,BMW,X1,Xdrive28i,2019,"90,340 km","58,000",N/A,N/A,"Al Twar, Dubai",https://uae.dubizzle.com/motors/used-cars/bmw/x1/2025/11/13/bmw-2019-x1-full-option-2-801---5440ef728951436ba800f20b270eda1a/
7,Mercedes-Benz C-Class C450 4MATIC,Mercedes-Benz,C-Class,C450 4MATIC,2016,"105,250 km","64,000",N/A,N/A,"Al Twar, Dubai",https://uae.dubizzle.com/motors/used-cars/mercedes-benz/c-class/2025/6/5/m-benz-2016-c-450-v6-top-range-2-486---81de6e9ac0124e1aae98ddc45301ec9b/
7,Toyota Land Cruiser 5.7L,Toyota,Land Cruiser,5.7L,2019,"123,250 km","178,000",N/A,N/A,"Al Twar, Dubai",https://uae.dubizzle.com/motors/used-cars/toyota/land-cruiser/2025/12/1/vxr57-t-land-cruisers-2019-top-2-139---35e42bea8dbf411e983622313b18a19a/
7,Toyota Avalon Limited,Toyota,Avalon,Limited,2014,"136,400 km","38,000",N/A,N/A,"Al Twar, Dubai",https://uae.dubizzle.com/motors/used-cars/toyota/avalon/2025/12/7/toyota-avalon-2014-gcc-2-501---40f57a6c77a24f97818430cb94f7230f/
7,Nissan Patrol Nismo,Nissan,Patrol,Nismo,2015,"135,350 km","68,000",N/A,N/A,"Al Twar, Dubai",https://uae.dubizzle.com/motors/used-cars/nissan/patrol/2025/10/16/n-patrol-2015-v8-platinum-2-270---326408253ad747489ec94acaa4bbb7ab/
7,Cadillac XT5 Platinum AWD,Cadillac,XT5,Platinum AWD,2017,"149,250 km","38,000",N/A,N/A,"Al Twar, Dubai",https://uae.dubizzle.com/motors/used-cars/cadillac/xt5/2025/10/24/cadillac-xt5-2017-v6-top-2-176---1cd6149d21d1438a8d842b57c7248b4c/
7,GMC Acadia SLE,GMC,Acadia,SLE,2018,"90,097 km","48,000",N/A,N/A,"Al Twar, Dubai",https://uae.dubizzle.com/motors/used-cars/gmc/acadia/2025/10/23/gmc-acadia-2018-v6-sle-2-430---23a421bcf0c14011845f1acc1fb961b5/
7,Ferrari Purosangue Other,Ferrari,Purosangue,Other,2023,"3,500 km","2,185,000",N/A,N/A,"Motor City, Dubai",https://uae.dubizzle.com/motors/used-cars/ferrari/purosangue/2025/11/25/gcc-specs-3500-km-under-ferrari-warranty-2-477---95b4a212b49c486eb4f1d633f0d433fa/
7,Mercedes-Benz G-Class G 500,Mercedes-Benz,G-Class,G 500,2016,"95,000 km","359,000",N/A,N/A,"Jumeirah Village Circle (JVC), Dubai",https://uae.dubizzle.com/motors/used-cars/mercedes-benz/g-class/2025/10/21/2016-mercedes-g5000-4x4-square-gcc-specs-9-2-236---9429c54500404f7086ed40c079290815/
7,Cadillac Escalade Sport Platinum,Cadillac,Escalade,Sport Platinum,2022,"129,000 km","219,000",N/A,N/A,"Barsha Heights (Tecom), Dubai",https://uae.dubizzle.com/motors/used-cars/cadillac/escalade/2025/12/2/gcc-specs-captain-seats-sport-platinum-2-599---250b610157944a96b8e32de23abed78e/
8,Bentley Bentayga Signature,Bentley,Bentayga,Signature,2017,"98,000 km","219,000",N/A,N/A,"Motor City, Dubai",https://uae.dubizzle.com/motors/used-cars/bentley/bentayga/2025/11/23/gcc-specs-98000-km-full-agency-history-2-947---0507b345009e4502a80e407884a478ea/
8,Volkswagen T-Roc Life,Volkswagen,T-Roc,Life,2024,"24,000 km","73,000",N/A,N/A,"Ras Al Khor, Dubai",https://uae.dubizzle.com/motors/used-cars/volkswagen/t-roc/2025/12/18/volkswagen-t-roc-2024-gcc-24000km-blue-2-107---a92af46f1bc141bcaba289a64a500475/
8,Aston Martin DB12 Coupe,Aston Martin,DB12,Coupe,2024,"3,555 km","999,000",N/A,N/A,"Sheikh Zayed Road, Dubai",https://uae.dubizzle.com/motors/used-cars/aston-martin/db12/2025/11/14/gcc-specs-full-options-like-new-condition--2-913---5ec74752c8444cff890109b9d7264b7e/
8,Nissan Xterra SE,Nissan,Xterra,SE,2022,"52,000 km","65,000",N/A,N/A,"Jumeirah Village Circle (JVC), Dubai",https://uae.dubizzle.com/motors/used-cars/nissan/xterra/2025/11/29/nissan-xteera-25-se-2022-gcc-well-maintain-2-093---014db7baaba14e8985d4e2c6b35c2a94/
8,Mitsubishi ASX GLX,Mitsubishi,ASX,GLX,2022,"55,000 km","40,000",N/A,N/A,"Jumeirah Village Circle (JVC), Dubai",https://uae.dubizzle.com/motors/used-cars/mitsubishi/asx/2025/12/11/mitsubishi-asx-20l-2022-gcc-well-maintaine-2-078---aa6189c9390b4f4fbeebfb2ab8d917aa/
8,Kia Sportage X-Line AWD,Kia,Sportage,X-Line AWD,2022,"48,000 km","60,000",N/A,N/A,"Jumeirah Village Circle (JVC), Dubai",https://uae.dubizzle.com/motors/used-cars/kia/sportage/2025/12/16/kia-sportage-20-awd-2022-gcc-well-maintain-2-102---9e576d229c08464fb2ed4881c085360a/
8,Toyota Yaris S,Toyota,Yaris,S,2022,"44,000 km","38,000",N/A,N/A,"Jumeirah Village Circle (JVC), Dubai",https://uae.dubizzle.com/motors/used-cars/toyota/yaris/2025/12/5/toyota-yaris-15-2022-gcc-well-maintained-c-2-938---4db8eaed8be547b7833e2ebe9dd5c14d/
8,Renault Koleos PE 4X2,Renault,Koleos,PE 4X2,2023,"58,000 km","50,000",N/A,N/A,"Jumeirah Village Circle (JVC), Dubai",https://uae.dubizzle.com/motors/used-cars/renault/koleos/2025/12/16/renault-koleos-25-2023-gcc-accident-free-a-2-492---edb41ba790444d128740732f10bc300d/
8,Hyundai Creta GL,Hyundai,Creta,GL,2023,"79,800 km","50,000",N/A,N/A,"Jumeirah Village Circle (JVC), Dubai",https://uae.dubizzle.com/motors/used-cars/hyundai/creta/2025/12/17/hyundai-creta-16-gl-2023-gcc-well-maintain-2-218---b47a7f0e865f4192b66ff67718018573/
8,BMW 5-Series 528i,BMW,5-Series,528i,2012,"203,600 km","25,000",N/A,N/A,"Al Nahyan, Abu Dhabi",https://uae.dubizzle.com/motors/used-cars/bmw/5-series/2025/12/9/bmw-528i-3-456---521bb4e601d0418bba761fec011a6bc7/
8,Mercedes-Benz CLA CLA200,Mercedes-Benz,CLA,CLA200,2026,12 km,"194,950",N/A,N/A,"Sheikh Zayed Road, Dubai",https://uae.dubizzle.com/motors/used-cars/mercedes-benz/cla/2025/11/5/aed-4023-pm-0-downpayment-mercedes-cla200--2-813---acf332ec9f3b4e3ebc3a2cb143105f2c/
8,Jeep Grand Cherokee L Limited,Jeep,Grand Cherokee L,Limited,2022,"77,310 km","139,950",N/A,N/A,"Sheikh Zayed Road, Dubai",https://uae.dubizzle.com/motors/used-cars/jeep/grand-cherokee-l/2025/10/23/aed-2682-pm-0-downpayment-grand-cherokee-l-2-482---a47843b10f0144519eed9d3f84bdc186/
8,Rolls-Royce Wraith Standard,Rolls-Royce,Wraith,Standard,2016,"100,578 km","399,950",N/A,N/A,"Sheikh Zayed Road, Dubai",https://uae.dubizzle.com/motors/used-cars/rolls-royce/wraith/2025/10/7/12109-pm-0-downpayment-rolls-royce-wraith--2-863---ef8712686dc64845b636a99402c8b44a/
8,Infiniti Q50 Luxe,Infiniti,Q50,Luxe,2023,"72,424 km","79,950",N/A,N/A,"Sheikh Zayed Road, Dubai",https://uae.dubizzle.com/motors/used-cars/infiniti/q50/2025/9/25/1724-pm-0-downpayment-infiniti-q50-luxe-1--2-358---d73ab3fc08494c9683746dd488750f7f/
8,Audi A4 35 TFSI S-line,Audi,A4,35 TFSI S-line,2023,"95,300 km","104,950",N/A,N/A,"Sheikh Zayed Road, Dubai",https://uae.dubizzle.com/motors/used-cars/audi/a4/2025/10/2/2299-pm-0-downpayment-a4-35tfsi-s-line-age-2-933---575e2ceabe9f4486a6417fbdf5b16b55/
8,Mercedes-Benz GLE Coupe GLE 450,Mercedes-Benz,GLE Coupe,GLE 450,2025,205 km,"389,950",N/A,N/A,"Sheikh Zayed Road, Dubai",https://uae.dubizzle.com/motors/used-cars/mercedes-benz/gle-coupe/2025/11/5/aed-8048-pm-0-downpayment-mercedes-gle450--2-566---a48b0d1dddc048f49e4e3e394889d56d/
8,Ford Edge Titanium,Ford,Edge,Titanium,2022,"45,810 km","119,950",N/A,N/A,"Sheikh Zayed Road, Dubai",https://uae.dubizzle.com/motors/used-cars/ford/edge/2025/10/2/2299-pm-0-downpayment-edge-titanium-agency-2-834---959a4b02f20546f0a48d476f7b6af114/
8,Volvo XC40 T4 R Design,Volvo,XC40,T4 R Design,2022,"59,049 km","99,950",N/A,N/A,"Sheikh Zayed Road, Dubai",https://uae.dubizzle.com/motors/used-cars/volvo/xc40/2025/11/26/aed-1915-pm-0-downpayment-volvo-xc40-r-des-2-706---99ae0a956e394f6688dff159cd0ed693/
8,Audi A5 40 TFSI S-Line,Audi,A5,40 TFSI S-Line,2024,"32,860 km","169,950",N/A,N/A,"Sheikh Zayed Road, Dubai",https://uae.dubizzle.com/motors/used-cars/audi/a5/2025/11/6/aed-3257-pm-0-downpayment-audi-a5-40tfsi-s-2-312---7ef505b2231849d793c45e228502e760/
8,Jetour T2 Luxury,Jetour,T2,Luxury,2025,"23,232 km","127,950",N/A,N/A,"Sheikh Zayed Road, Dubai",https://uae.dubizzle.com/motors/used-cars/jetour/t2/2025/11/5/2452-pm-0-downpayment-jetour-t2-1-year-war-2-712---84644ef365594242a73f6687cc915d49/
8,Land Rover Range Rover Evoque R-Dynamic HSE,Land Rover,Range Rover Evoque,R-Dynamic HSE,2020,"116,729 km","129,950",N/A,N/A,"Sheikh Zayed Road, Dubai",https://uae.dubizzle.com/motors/used-cars/land-rover/range-rover-evoque/2025/11/6/aed-2490-pm-0-downpayment-evoque-r-dynamic-2-365---60663ba214a04cc5bb75513846e26781/
8,Jetour T2 Luxury,Jetour,T2,Luxury,2025,"49,437 km","132,950",N/A,N/A,"Sheikh Zayed Road, Dubai",https://uae.dubizzle.com/motors/used-cars/jetour/t2/2025/11/12/aed-2682-pm-0-downpayment-jetour-t2-elite--2-734---56fc0d6959014dff9dcfd6813c27a4ec/
8,Ford Mustang Mach 1,Ford,Mustang,Mach 1,2022,"27,000 km","199,950",N/A,N/A,"Sheikh Zayed Road, Dubai",https://uae.dubizzle.com/motors/used-cars/ford/mustang/2025/10/2/4024-pm-0-downpayment-mustang-mach-1-agenc-2-296---3f77cbcc3fbb4193a38b8de45dcf8822/
8,Jetour T2 Luxury,Jetour,T2,Luxury,2025,"23,510 km","127,950",N/A,N/A,"Sheikh Zayed Road, Dubai",https://uae.dubizzle.com/motors/used-cars/jetour/t2/2025/11/5/2452-pm-0-downpayment-jetour-t2-1-year-war-2-940---0c31a5aaa7c94cafab38eae5499709ed/
8,Mercedes-Benz GLC Coupe GLC 200,Mercedes-Benz,GLC Coupe,GLC 200,2021,"85,407 km","174,950",N/A,N/A,"Sheikh Zayed Road, Dubai",https://uae.dubizzle.com/motors/used-cars/mercedes-benz/glc-coupe/2025/9/24/aed3449-pm-0-downpayment-glc-200-coupe-1-y-2-056---ebbe766bdf694ccdbbfadfad56599cb8/
9,JAECOO J8 Flagship,JAECOO,J8,Flagship,2026,0 km,"147,490",N/A,N/A,"Al Danah, Abu Dhabi",https://uae.dubizzle.com/motors/used-cars/jaecoo/j8/2025/12/6/brand-new-jaecoo-j8-emi-aed-2261-warranty--3-708---e786ef9cbfb44968a9f5bc766309b6d3/
9,Hyundai Accent GLS,Hyundai,Accent,GLS,2017,"91,000 km","22,000",N/A,N/A,"Deira, Dubai",https://uae.dubizzle.com/motors/used-cars/hyundai/accent/2025/9/18/super-clean-not-negotiable-2-222---350ce18366ef4aa2adb8e012dc9e892f/
9,Land Rover LR2 SE,Land Rover,LR2,SE,2010,"250,000 km","14,500",N/A,N/A,"Deira, Dubai",https://uae.dubizzle.com/motors/used-cars/land-rover/lr2/2025/8/15/full-options-great-condition-not-negotiabl-2-949---efc84bdca5fc45b4878716fa518e9a5d/
9,Ford Explorer XLT,Ford,Explorer,XLT,2013,"160,000 km","20,000",N/A,N/A,"Deira, Dubai",https://uae.dubizzle.com/motors/used-cars/ford/explorer/2025/11/26/xlt-7-seaters-4x4-not-negotiable-price-2-917---858f4e2d5cba43fda24b206949a5a791/
9,Ford Explorer XLT,Ford,Explorer,XLT,2016,"165,000 km","40,000",N/A,N/A,"Mirdif, Dubai",https://uae.dubizzle.com/motors/used-cars/ford/explorer/2025/10/8/xlt-panoramic-4x4-fsh-not-negotiable-2-577---1ed560b01df445a883fea039aa1ae748/
9,Ford Ranger XLS,Ford,Ranger,XLS,2020,"145,000 km","60,000",N/A,N/A,"Mirdif, Dubai",https://uae.dubizzle.com/motors/used-cars/ford/ranger/2025/5/29/xls-gcc-full-agency-service-2-507---7652d1e66a744673a9f8dce359d7a293/
9,Porsche Carrera / 911 GT3 RS,Porsche,Carrera / 911,GT3 RS,2025,280 km,"1,470,000",N/A,N/A,"Al Jaddaf, Dubai",https://uae.dubizzle.com/motors/used-cars/porsche/carrera/2025/11/29/-2-594---61a47f6c4de64e53826e9bcf8f40e91b/
9,Nissan Patrol SE Platinum,Nissan,Patrol,SE Platinum,2016,"176,000 km","66,000",N/A,N/A,"Al Mamzar, Dubai",https://uae.dubizzle.com/motors/used-cars/nissan/patrol/2025/12/18/nissan-petrol-v8-full-options-family-used--2-605---1f50116c264a4cf794bb1b1521b90acc/
9,DongFeng 007 Other,DongFeng,007,Other,2026,800 km,"97,999",N/A,N/A,"Deira, Dubai",https://uae.dubizzle.com/motors/used-cars/dongfeng/007/2025/12/9/pre-owned-dongfeng-007-reev-1200-km-range--2-125---b3a33763c6764f92a03d59de057de006/
9,Suzuki Jimny GL,Suzuki,Jimny,GL,2025,0 km,"68,000",N/A,N/A,"Al Garhoud, Dubai",https://uae.dubizzle.com/motors/used-cars/suzuki/jimny/2025/8/5/suzuki-jimny-2025-gl-gcc-specs-0-km-automa-2-732---69485fbaa1f24e21893c86a12e242a6a/
9,Hyundai Santa Fe GLS,Hyundai,Santa Fe,GLS,2016,"158,105 km","47,500",N/A,N/A,"Zayed Sports City, Abu Dhabi",https://uae.dubizzle.com/motors/used-cars/hyundai/santa-fe/2025/10/10/aed1460month-zero-downpayment-under-warran-3-887---ac6e97033a4a43e8a1b6eb227f813757/
9,Audi S3 2.0 TFSI quattro,Audi,S3,2.0 TFSI quattro,2021,"54,000 km","140,000",N/A,N/A,"Business Bay, Dubai",https://uae.dubizzle.com/motors/used-cars/audi/s3/2025/12/12/audi-s3-2021-2-116---6bc4b36e3736445cb95dd60203227c85/
9,Ford Edge Mid option,Ford,Edge,Mid option,2014,"114,000 km","26,000",N/A,N/A,"Dubai Festival City, Dubai",https://uae.dubizzle.com/motors/used-cars/ford/edge/2025/11/1/2014-ford-edge-se-full-ford-service-in-imm-2-393---0b3633e45cfc47678d7bc8103c209f89/
9,Land Rover Range Rover Sport HSE,Land Rover,Range Rover Sport,HSE,2015,"130,894 km","64,900",N/A,N/A,"Zayed Sports City, Abu Dhabi",https://uae.dubizzle.com/motors/used-cars/land-rover/range-rover-sport/2025/11/10/aed-1992month-zero-downpayment-under-warra-3-053---bbffa0eb3a04473a958e49ff249edcc5/
9,Ford Mustang Ecoboost,Ford,Mustang,Ecoboost,2021,"59,500 km","59,000",N/A,N/A,"Business Bay, Dubai",https://uae.dubizzle.com/motors/used-cars/ford/mustang/2025/11/8/monthly-1100-0-dp-high-performance-active--2-020---1048806807fe4d139b0c96ced250fc01/
9,Lamborghini Revuelto Other,Lamborghini,Revuelto,Other,2024,0 km,"2,525,000",N/A,N/A,"Al Quoz, Dubai",https://uae.dubizzle.com/motors/used-cars/lamborghini/revuelto/2025/10/28/lamborghini-revuelto-i-brand-new-i-lease-t-2-940---62fd0af0590a4fd98138020e3be83994/
9,Chery Arrizo 5 Comfort,Chery,Arrizo 5,Comfort,2026,0 km,"46,000",N/A,N/A,"Al Quoz, Dubai",https://uae.dubizzle.com/motors/used-cars/chery/arrizo-5/2025/11/3/free-serivce-free-registration-6-years-war-2-670---dff4dfaf5ed945c49da60335dda86a2e/
9,MG HS Trophy,MG,HS,Trophy,2024,"46,150 km","64,900",N/A,N/A,"Mussafah, Abu Dhabi",https://uae.dubizzle.com/motors/used-cars/mg/hs/2025/9/19/mg-hs-trophy-2024-gcc-spec-full-service-hi-3-703---a01ea656a5524da7a3b5d408e9432e7e/
9,Tesla Cybertruck Other,Tesla,Cybertruck,Other,2025,"28,000 km","295,000",N/A,N/A,"Sheikh Zayed Road, Dubai",https://uae.dubizzle.com/motors/used-cars/tesla/cybertruck/2025/3/30/tesla-cybertruck-stock-in-dubai-free-test--2-267---4054ba959e18464daf038f869b8ff6d6/
9,Porsche Taycan Turbo,Porsche,Taycan,Turbo,2020,"3,547 km","299,000",N/A,N/A,"Mussafah, Abu Dhabi",https://uae.dubizzle.com/motors/used-cars/porsche/taycan/2025/11/27/porsche-taycan-turbo-ref-com181-2-yrs-warr-3-209---d7bd49458d734c199dc3b713d762c89d/
9,Porsche 718 Spyder Spyder,Porsche,718 Spyder,Spyder,2024,"2,365 km","739,000",N/A,N/A,"Mussafah, Abu Dhabi",https://uae.dubizzle.com/motors/used-cars/porsche/718-spyder/2025/1/31/porsche-718-spyder-rs-ref-usd5161-4-yrs-wa-3-604---7c146a47d7d945f4a3800c2e4e3f3756/
9,Mitsubishi ASX GLX,Mitsubishi,ASX,GLX,2020,"90,100 km","36,000",N/A,N/A,"The Villa, Dubai",https://uae.dubizzle.com/motors/used-cars/mitsubishi/asx/2025/12/18/mitsubishi-asx-2020-gcc-no-accidents-2-954---09d7cd78d9cb4097b08e0c590a15b91a/
9,Nissan Patrol XE,Nissan,Patrol,XE,2020,"58,381 km","129,900",N/A,N/A,"Ras Al Khor, Dubai",https://uae.dubizzle.com/motors/used-cars/nissan/patrol/2025/11/11/dealer-warranty-1-yr-20000-km-40-xe-gcc-ae-2-837---de49b67d5e6f4124b8fe5e1879b210c6/
9,Geely Monjaro GK,Geely,Monjaro,GK,2024,"49,600 km","89,900",N/A,N/A,"Ras Al Khor, Dubai",https://uae.dubizzle.com/motors/used-cars/geely/monjaro/2025/11/11/geely-warranty-2028-150000-km-gk-panoramic-2-641---ce4d89223a2c427a937889c5ece447bc/
9,Mitsubishi Pajero GLS,Mitsubishi,Pajero,GLS,2022,"68,446 km","79,900",N/A,N/A,"Ras Al Khor, Dubai",https://uae.dubizzle.com/motors/used-cars/mitsubishi/pajero/2025/11/17/dealer-warranty-1-yr-20000-km-30-l-gcc-aed-2-210---a8936b20937c484191ca2252fe93d4f4/
9,GMC Acadia AT4,GMC,Acadia,AT4,2023,"57,784 km","109,900",N/A,N/A,"Ras Al Khor, Dubai",https://uae.dubizzle.com/motors/used-cars/gmc/acadia/2025/11/15/dealer-warranty-1-yr-20000-km-gcc-36-l-aed-2-936---85d5788ab9354d91b9386040cbce34f1/
10,Nissan Altima S,Nissan,Altima,S,2023,"32,757 km","69,900",N/A,N/A,"Ras Al Khor, Dubai",https://uae.dubizzle.com/motors/used-cars/nissan/altima/2025/9/11/1-yr-warranty-25-s-gcc-aed-1248-pm-2-370---70864ed8e175499d9194388b488a55ac/
10,Volvo XC90 B5 Plus Bright,Volvo,XC90,B5 Plus Bright,2023,"65,681 km","149,900",N/A,N/A,"Ras Al Khor, Dubai",https://uae.dubizzle.com/motors/used-cars/volvo/xc90/2025/11/11/volvo-warranty-062026-unlimited-km-20-l-gc-2-809---1e26484569af48119a222bbe1ad3d122/
10,Mazda 3 Skyactiv-G,Mazda,3,Skyactiv-G,2025,"54,090 km","64,900",N/A,N/A,"Ras Al Khor, Dubai",https://uae.dubizzle.com/motors/used-cars/mazda/3/2025/11/11/mazda-warranty-till-2027-20-l-gcc-aed-1130-2-629---e44475e6a05a4b3c8621332a002b422f/
10,MG ZS Standard,MG,ZS,Standard,2025,10 km,"59,900",N/A,N/A,"Ras Al Khor, Dubai",https://uae.dubizzle.com/motors/used-cars/mg/zs/2025/11/12/mg-warranty-till-2031-200000-km-gcc-15-l-a-2-491---08d1cb8ac38b458d9bce745cffcb51a5/
10,Volkswagen T-Roc Style,Volkswagen,T-Roc,Style,2022,"46,698 km","69,900",N/A,N/A,"Ras Al Khor, Dubai",https://uae.dubizzle.com/motors/used-cars/volkswagen/t-roc/2025/8/21/1-yr-warranty-gcc-14-l-panoramic-sunroof-2-972---bf45c7ba158547c4a9c02c4ce590431f/
10,Kia Sportage LX,Kia,Sportage,LX,2022,"57,000 km","64,900",N/A,N/A,"Ras Al Khor, Dubai",https://uae.dubizzle.com/motors/used-cars/kia/sportage/2025/8/15/1-year-warranty-gcc-16l-aed-1100-pm-2-707---e6b091a4a86942868e0241b86792d0ac/
10,Nissan Urvan Standard,Nissan,Urvan,Standard,2021,"113,000 km","59,900",N/A,N/A,"Ras Al Khor, Dubai",https://uae.dubizzle.com/motors/used-cars/nissan/urvan/2025/10/11/chiller-van-27-l-gcc-2-253---7a6ddb42affb44b6ab22b8f7334db431/
10,Toyota Fortuner EXR,Toyota,Fortuner,EXR,2021,"80,403 km","89,900",N/A,N/A,"Ras Al Khor, Dubai",https://uae.dubizzle.com/motors/used-cars/toyota/fortuner/2025/8/11/1-yr-warranty-gcc-27-exr-2-609---f33b206e74b74513942f5e9e1ddfebcd/
10,Toyota Hiace GLS,Toyota,Hiace,GLS,2019,"140,000 km","88,000",N/A,N/A,"Ras Al Khor, Dubai",https://uae.dubizzle.com/motors/used-cars/toyota/hiace/2025/12/18/toyota-hiace-gls-13-seater-high-roof-autom-2-955---584134b9ed684e7ebeac417b54d3acd0/
10,Ford Ecosport Mid,Ford,Ecosport,Mid,2016,"118,720 km","17,000",N/A,N/A,"Mohamed Bin Zayed City, Abu Dhabi",https://uae.dubizzle.com/motors/used-cars/ford/ecosport/2025/12/18/ford-ecosport-3-089---0a488a0abd614d739f4aadf9f412dae0/
10,Land Rover Discovery Other,Land Rover,Discovery,Other,2019,"77,000 km","99,999",N/A,N/A,"Al Quoz, Dubai",https://uae.dubizzle.com/motors/used-cars/land-rover/discovery/2025/10/18/2350-pm-discovery-0-downpayment-perfect-co-2-564---048a75a147224c87bc60f18d370d7586/
10,Land Rover Range Rover Supercharged,Land Rover,Range Rover,Supercharged,2016,"94,000 km","129,000",N/A,N/A,"Mirdif, Dubai",https://uae.dubizzle.com/motors/used-cars/land-rover/range-rover/2025/10/11/supercharged-rr-vogue-v8-2020-facelift-gcc-2-935---70521d06e77849cd9f1c8c0ae2ed3566/
10,Denza N9 Flagship,Denza,N9,Flagship,2025,0 km,"235,000",N/A,N/A,"Ras Al Khor, Dubai",https://uae.dubizzle.com/motors/used-cars/denza/n9/2025/6/30/2025-denza-n9-for-export-2-900---f34b6e8f2acf4d04ab89f6e9ed0289d6/
10,Porsche Carrera / 911 Other,Porsche,Carrera / 911,Other,2024,0 km,"1,849,995",N/A,N/A,"Al Quoz, Dubai",https://uae.dubizzle.com/motors/used-cars/porsche/carrera/2025/10/18/2024-porsche-911-st-brand-new-2-192---9dc77de13eb94ca89ece8b30d7130cbe/
10,Ferrari 12Cilindri Spider,Ferrari,12Cilindri,Spider,2025,0 km,"2,849,995",N/A,N/A,"Al Quoz, Dubai",https://uae.dubizzle.com/motors/used-cars/ferrari/12cilindri/2025/9/17/2025-ferrari-12cilindri-spider-brand-new-2-895---fcaadbebe46043b6ad8cbf72abe426d5/
10,Lamborghini Urus Standard,Lamborghini,Urus,Standard,2025,0 km,"1,524,995",N/A,N/A,"Al Quoz, Dubai",https://uae.dubizzle.com/motors/used-cars/lamborghini/urus/2025/6/12/2025-lamborghini-urus-se-brand-new-2-989---5b50fea0ee604f64be4684c4ae7e8f31/
10,Ferrari Roma Standard,Ferrari,Roma,Standard,2023,279 km,"895,000",N/A,N/A,"Al Quoz, Dubai",https://uae.dubizzle.com/motors/used-cars/ferrari/roma/2025/6/9/ferrari-romabrand-new-2-903---987d436694b1422893bc2e611a338978/
10,Lexus LM 350h Other,Lexus,LM 350h,Other,2025,0 km,"550,000",N/A,N/A,"Jebel Ali, Dubai",https://uae.dubizzle.com/motors/used-cars/lexus/lm-350h/2025/5/29/4-str-export-price-2-212---02b0edb1f0094f87b11433f767fc5ee9/
10,Volvo XC40 B4 Ultimate Dark,Volvo,XC40,B4 Ultimate Dark,2023,"24,801 km","129,900",N/A,N/A,"Dubai Festival City, Dubai",https://uae.dubizzle.com/motors/used-cars/volvo/xc40/2025/6/4/2023-xc40-ultimate-dark-certified-by-al-fu-2-721---ee053cc9b063418ba6b8f6b89f7b2df8/
10,Ferrari Purosangue Standard,Ferrari,Purosangue,Standard,2025,520 km,"2,549,995",N/A,N/A,"Al Quoz, Dubai",https://uae.dubizzle.com/motors/used-cars/ferrari/purosangue/2025/10/18/2025-ferrari-purosangue-2-989---203426a0e3bb4e72a126bdf08d33a1b3/
10,Porsche Carrera / 911 GT3 RS,Porsche,Carrera / 911,GT3 RS,2024,0 km,"1,574,995",N/A,N/A,"Al Quoz, Dubai",https://uae.dubizzle.com/motors/used-cars/porsche/carrera/2025/9/17/2024-porsche-911-gt3-rs-weissach-2-335---2e73998cec9542fcaaa5d01cf40e339a/
10,Volvo S90 Core,Volvo,S90,Core,2023,"19,000 km","109,900",N/A,N/A,"Dubai Festival City, Dubai",https://uae.dubizzle.com/motors/used-cars/volvo/s90/2025/5/1/2023-s90-b5-core-certified-by-al-futtaim-2-517---017f92b779de4fbc96c6937fa794d264/
10,Soueast S09 Other,Soueast,S09,Other,2025,30 km,"109,000",N/A,N/A,"Al Quoz, Dubai",https://uae.dubizzle.com/motors/used-cars/soueast/s09/2025/2/21/2025-brand-new-soueast-s09-luxury-7-seater-2-591---a12d5a2528ec408cb5d93417d36f8986/
10,Toyota Camry S,Toyota,Camry,S,2019,"278,000 km","45,000",N/A,N/A,"Mussafah, Abu Dhabi",https://uae.dubizzle.com/motors/used-cars/toyota/camry/2025/4/15/toyota-camry-s-2019-original-paint-free-ac-3-816---f2613026f105411793df47b8f0f91dd2/
10,Soueast S06 Other,Soueast,S06,Other,2025,12 km,"99,000",N/A,N/A,"Al Quoz, Dubai",https://uae.dubizzle.com/motors/used-cars/soueast/s06/2025/2/4/2025-brand-new-soueast-s06-luxury-6-years--2-627---6c7e50aa2b20465fbc891f61634ecce2/
